nose_x,nose_y,nose_z,nose_v,left_shoulder_x,left_shoulder_y,left_shoulder_z,left_shoulder_v,right_shoulder_x,right_shoulder_y,right_shoulder_z,right_shoulder_v,left_elbow_x,left_elbow_y,left_elbow_z,left_elbow_v,right_elbow_x,right_elbow_y,right_elbow_z,right_elbow_v,left_wrist_x,left_wrist_y,left_wrist_z,left_wrist_v,right_wrist_x,right_wrist_y,right_wrist_z,right_wrist_v,left_hip_x,left_hip_y,left_hip_z,left_hip_v,right_hip_x,right_hip_y,right_hip_z,right_hip_v,left_knee_x,left_knee_y,left_knee_z,left_knee_v,right_knee_x,right_knee_y,right_knee_z,right_knee_v,left_ankle_x,left_ankle_y,left_ankle_z,left_ankle_v,right_ankle_x,right_ankle_y,right_ankle_z,right_ankle_v,left_heel_x,left_heel_y,left_heel_z,left_heel_v,right_heel_x,right_heel_y,right_heel_z,right_heel_v,left_foot_index_x,left_foot_index_y,left_foot_index_z,left_foot_index_v,right_foot_index_x,right_foot_index_y,right_foot_index_z,right_foot_index_v,step
0.4561525881290436,0.15146580338478088,-1.9481208324432373,0.9999544620513916,0.726897120475769,0.2566070258617401,-1.0518006086349487,0.9997497200965881,0.20932281017303467,0.2694847881793976,-1.1051781177520752,0.999971866607666,0.8206484317779541,0.41474083065986633,-1.0756670236587524,0.9898588061332703,0.1358010172843933,0.42680948972702026,-1.0750322341918945,0.9963541030883789,0.8269273042678833,0.5612496137619019,-1.4347747564315796,0.633370578289032,0.13773104548454285,0.5601867437362671,-1.3858522176742554,0.8619333505630493,0.6270464658737183,0.47872886061668396,0.016405753791332245,0.99553382396698,0.3395528197288513,0.48408135771751404,-0.016589004546403885,0.9960914254188538,0.6174285411834717,0.5586402416229248,-1.4265694618225098,0.8861747980117798,0.37735411524772644,0.5492293834686279,-1.3779062032699585,0.8941905498504639,0.5464903712272644,0.6467146873474121,-2.579134702682495,0.6009088158607483,0.3888106942176819,0.6631819009780884,-2.6881802082061768,0.5858259797096252,0.5065350532531738,0.7103455662727356,-2.7221076488494873,0.906348705291748,0.40698644518852234,0.7224169373512268,-2.8500213623046875,0.9731334447860718,0.5371304750442505,0.5725735425949097,-3.017564296722412,0.9414601922035217,0.3462951183319092,0.5744772553443909,-3.0768353939056396,0.9751152992248535,0
0.4730156660079956,0.22352167963981628,-0.937512218952179,0.9999980926513672,0.7766317129135132,0.32065895199775696,-0.47446802258491516,0.999993085861206,0.2854514718055725,0.33193862438201904,-0.27355140447616577,0.9999903440475464,0.8708456158638,0.47826117277145386,-0.45857685804367065,0.9953535795211792,0.2265888750553131,0.4770638644695282,-0.23166601359844208,0.9730470180511475,0.8723023533821106,0.6250741481781006,-0.7619536519050598,0.8397119045257568,0.21638223528862,0.6054610013961792,-0.62614506483078,0.7002964615821838,0.6702759265899658,0.5381327271461487,-0.0983196496963501,0.999896764755249,0.3797985315322876,0.535993218421936,0.09852118045091629,0.9998688697814941,0.5587790012359619,0.6326141953468323,-1.2043927907943726,0.9512065649032593,0.289619117975235,0.6014198660850525,-0.8556667566299438,0.8894941210746765,0.2439279854297638,0.7468841671943665,-2.118058681488037,0.862791895866394,0.19760054349899292,0.7205524444580078,-1.8742660284042358,0.6449936628341675,0.18777629733085632,0.7937461733818054,-2.215212821960449,0.9581109285354614,0.17805927991867065,0.7884995937347412,-1.984527826309204,0.915035605430603,0.12869977951049805,0.6881304979324341,-2.530599594116211,0.9523142576217651,0.06630769371986389,0.6562011241912842,-2.183192253112793,0.9212661385536194,0
0.59425288438797,0.19318127632141113,-0.4301110506057739,0.9999972581863403,0.8460944294929504,0.2586740553379059,-0.3616236746311188,0.9999985694885254,0.5493589639663696,0.2648908495903015,0.09384330362081528,0.9999741315841675,0.9247662425041199,0.3764541447162628,-0.38587480783462524,0.998790442943573,0.5028101205825806,0.3660412132740021,0.11487901210784912,0.8721601366996765,0.9017653465270996,0.48886963725090027,-0.4765460193157196,0.9374978542327881,0.48274433612823486,0.4570190906524658,-0.1729651540517807,0.2846408784389496,0.7640525698661804,0.44955772161483765,-0.14565704762935638,0.9999344348907471,0.5768631100654602,0.4413466155529022,0.14619743824005127,0.9998071789741516,0.5792086720466614,0.5095556974411011,-1.0262295007705688,0.988500714302063,0.44148027896881104,0.4722169041633606,-0.6220776438713074,0.9384444952011108,0.2461945116519928,0.5454908013343811,-1.5620893239974976,0.9453495144844055,0.1744491457939148,0.5484153628349304,-1.2763499021530151,0.7810041904449463,0.200738787651062,0.5715410113334656,-1.6193441152572632,0.9739187955856323,0.14937089383602142,0.5849646925926208,-1.3463859558105469,0.9751240611076355,0.11819630861282349,0.4922265410423279,-1.7464317083358765,0.980591356754303,0.0864495038986206,0.4863462448120117,-1.3960695266723633,0.9795417189598083,0
0.6576784253120422,0.254761278629303,-0.33389952778816223,0.9999698400497437,0.8582563996315002,0.3109118342399597,-0.3599926233291626,0.9999867677688599,0.653618574142456,0.31449049711227417,0.16665422916412354,0.9998617172241211,0.9198827743530273,0.42426446080207825,-0.4199018180370331,0.9890806674957275,0.6468064785003662,0.409604549407959,0.22117096185684204,0.23033547401428223,0.8679928779602051,0.5218802094459534,-0.3718225657939911,0.7693692445755005,0.6127170324325562,0.45955461263656616,0.029195699840784073,0.049314696341753006,0.8019322752952576,0.485073983669281,-0.1745665967464447,0.9997875094413757,0.6604962944984436,0.47464996576309204,0.17556333541870117,0.9991828799247742,0.5689957141876221,0.521790623664856,-0.963841438293457,0.9304291605949402,0.44891470670700073,0.5017815232276917,-0.4718046188354492,0.7574122548103333,0.21048390865325928,0.5619207620620728,-1.6153737306594849,0.8917120099067688,0.16148525476455688,0.5595472455024719,-1.1454282999038696,0.5312033891677856,0.14789479970932007,0.5910147428512573,-1.680182695388794,0.9430910348892212,0.12275248765945435,0.5855566263198853,-1.2120845317840576,0.8603501915931702,0.08028190582990646,0.5125653147697449,-1.8656840324401855,0.9593212604522705,0.050035953521728516,0.5043334364891052,-1.269968032836914,0.8848616480827332,0
0.45424458384513855,0.21432170271873474,-0.04991024732589722,0.9993467926979065,0.4994830787181854,0.2690436840057373,-0.4805446267127991,0.999977707862854,0.5701241493225098,0.2681081295013428,0.19016359746456146,0.9997304081916809,0.5124695897102356,0.3807777464389801,-0.5286074876785278,0.9801822900772095,0.6054797172546387,0.3690151572227478,0.20212076604366302,0.07096192985773087,0.46547001600265503,0.47501707077026367,-0.43974626064300537,0.9852793216705322,0.569814145565033,0.44160082936286926,0.12109267711639404,0.08936385810375214,0.580878734588623,0.4448498487472534,-0.19799116253852844,0.9998522996902466,0.6177104711532593,0.429939866065979,0.19820018112659454,0.9996702671051025,0.32916074991226196,0.4512929320335388,0.20234589278697968,0.8901672959327698,0.415782630443573,0.43876364827156067,0.6433570981025696,0.15585015714168549,0.17641949653625488,0.4472344219684601,0.7878440618515015,0.7146068215370178,0.18574391305446625,0.44166550040245056,1.1212337017059326,0.1588282734155655,0.1448613703250885,0.4518994987010956,0.8432086110115051,0.6842833161354065,0.1711900234222412,0.4498758614063263,1.168661117553711,0.21406841278076172,0.08962374180555344,0.4100569784641266,0.7837992906570435,0.6950910687446594,0.11738124489784241,0.40650394558906555,1.1436161994934082,0.25054287910461426,0
0.7014791369438171,0.22895562648773193,-0.026708584278821945,0.9995812773704529,0.4261351227760315,0.29254332184791565,-0.35457295179367065,0.9999451637268066,0.8671890497207642,0.360797643661499,-0.4497274160385132,0.9997861981391907,0.24226036667823792,0.4285823702812195,-0.2801772952079773,0.9499117732048035,0.86500084400177,0.5181717276573181,-0.34234997630119324,0.9343478679656982,0.25740939378738403,0.5547000169754028,-0.1135968416929245,0.6599815487861633,0.6783658862113953,0.6110904812812805,-0.07775913178920746,0.8607606291770935,0.39312419295310974,0.5297377109527588,0.03766331076622009,0.9999008178710938,0.6210265755653381,0.5538091063499451,-0.03746115788817406,0.99958735704422,0.3675282597541809,0.45861658453941345,0.6393269300460815,0.2837871015071869,0.6561971306800842,0.47118669748306274,0.5570634603500366,0.3703346252441406,0.463928759098053,0.5005622506141663,1.3478360176086426,0.2973718047142029,0.5755031108856201,0.4898955523967743,1.2463085651397705,0.2263588011264801,0.48519366979599,0.5166208148002625,1.4209433794021606,0.2967461049556732,0.5563431978225708,0.5064025521278381,1.3201441764831543,0.4278477430343628,0.48349860310554504,0.46507394313812256,1.5651443004608154,0.09545275568962097,0.5694884657859802,0.4507603645324707,1.461871862411499,0.10007786750793457,0
0.5142688155174255,0.26703351736068726,0.0408211350440979,0.9996594190597534,0.3585362434387207,0.31373241543769836,0.0946211889386177,0.9997599720954895,0.4826882481575012,0.32249540090560913,-0.39742976427078247,0.9999465942382812,0.3397819697856903,0.4051927924156189,0.031806569546461105,0.12989041209220886,0.4607885777950287,0.42568349838256836,-0.4741441011428833,0.9138490557670593,0.36398056149482727,0.47462379932403564,-0.0985344722867012,0.20368149876594543,0.47589534521102905,0.5254233479499817,-0.42757081985473633,0.9098047614097595,0.32458457350730896,0.46753472089767456,0.14155609905719757,0.9999638795852661,0.3487005829811096,0.48259496688842773,-0.14190970361232758,0.999931812286377,0.593368411064148,0.4691539704799652,0.30125659704208374,0.5151911973953247,0.5294697880744934,0.4969189465045929,-0.016063934192061424,0.8858288526535034,0.7625797986984253,0.4827185273170471,0.439095139503479,0.4154444634914398,0.7023318409919739,0.45027342438697815,0.40618211030960083,0.31570667028427124,0.7870923280715942,0.4900088310241699,0.4490920901298523,0.4150106906890869,0.7280977368354797,0.44824039936065674,0.45262232422828674,0.3552132248878479,0.8219115138053894,0.43156731128692627,0.399957537651062,0.4156702160835266,0.7983721494674683,0.42355766892433167,0.47033727169036865,0.3258421719074249,0
0.3487350344657898,0.3598860800266266,-0.3399905562400818,0.999618411064148,0.3033960461616516,0.409668505191803,0.040341418236494064,0.9985262155532837,0.1415446698665619,0.4104517996311188,-0.484218955039978,0.9999428987503052,0.294007271528244,0.48594963550567627,0.18344233930110931,0.16703125834465027,0.06881538033485413,0.5100580453872681,-0.5814598798751831,0.9956249594688416,0.36969971656799316,0.5380547046661377,0.07634861022233963,0.13791847229003906,0.14909908175468445,0.5943623185157776,-0.5410227179527283,0.9565547108650208,0.2824540436267853,0.5340181589126587,0.1872391402721405,0.986555814743042,0.18392226099967957,0.555192768573761,-0.1860961765050888,0.9969301819801331,0.5011941194534302,0.5590847730636597,0.13987548649311066,0.5433175563812256,0.4670219421386719,0.5744348168373108,-0.3576816916465759,0.9907779693603516,0.758569598197937,0.5887501239776611,0.15033909678459167,0.5952146053314209,0.7695187330245972,0.5956836938858032,-0.459934264421463,0.9814608693122864,0.7982500195503235,0.6012973785400391,0.14186102151870728,0.5218880772590637,0.8127349615097046,0.6101401448249817,-0.4803520739078522,0.9582974314689636,0.8818025588989258,0.5589799284934998,0.011760452762246132,0.6433597207069397,0.889128565788269,0.5628964900970459,-0.7098603844642639,0.9691277742385864,0
0.6500035524368286,0.28759974241256714,-0.2259414941072464,0.9997561573982239,0.8009111881256104,0.34255683422088623,-0.44223132729530334,0.9999731779098511,0.7097260355949402,0.341440886259079,0.09816576540470123,0.9989069700241089,0.8417908549308777,0.44027793407440186,-0.5180471539497375,0.9826326370239258,0.7340864539146423,0.4300543963909149,0.15244773030281067,0.02948538400232792,0.7809165716171265,0.5346089601516724,-0.48324599862098694,0.9413577914237976,0.6470497846603394,0.4950820207595825,0.038787323981523514,0.02108171209692955,0.7226539850234985,0.506651759147644,-0.18722094595432281,0.9994381070137024,0.670041024684906,0.4853869080543518,0.1878899335861206,0.9985005855560303,0.4420322775840759,0.4993322491645813,-0.30726194381713867,0.9554467797279358,0.43355703353881836,0.4835285246372223,0.260072261095047,0.29778605699539185,0.16556495428085327,0.49927130341529846,-0.33790239691734314,0.9586202502250671,0.17183321714401245,0.4943647086620331,0.3169606626033783,0.3659956753253937,0.11418222635984421,0.5080952048301697,-0.3422197103500366,0.95757657289505,0.12510621547698975,0.5004639625549316,0.3194141089916229,0.44095972180366516,0.0536007285118103,0.45936471223831177,-0.4882061183452606,0.9619795680046082,0.06468981504440308,0.4570152163505554,0.26902925968170166,0.5321649312973022,0
0.6916468143463135,0.46619346737861633,-0.195863738656044,0.987743616104126,0.6381893157958984,0.48462527990341187,-0.22015659511089325,0.9997074007987976,0.6233547925949097,0.48292839527130127,-0.15758447349071503,0.9993519186973572,0.6546785235404968,0.4706251621246338,-0.1591048240661621,0.29883360862731934,0.5770442485809326,0.45431891083717346,-0.17474612593650818,0.5146281123161316,0.6884154677391052,0.47925329208374023,0.06331511586904526,0.13672049343585968,0.608690083026886,0.46984726190567017,-0.24441879987716675,0.4639591574668884,0.4434744119644165,0.42755672335624695,-0.08143527060747147,0.9998119473457336,0.4474741816520691,0.4346751272678375,0.08113505691289902,0.9999195337295532,0.5714515447616577,0.3721208870410919,-0.04723570868372917,0.9517709016799927,0.5632185339927673,0.380511999130249,0.11620599776506424,0.6427550911903381,0.5123181939125061,0.33497071266174316,0.18265579640865326,0.6942535042762756,0.5154541730880737,0.3165747821331024,0.10281142592430115,0.704999566078186,0.49139609932899475,0.34088513255119324,0.21601973474025726,0.5512162446975708,0.49688926339149475,0.3135993480682373,0.10459592193365097,0.6623665690422058,0.5197638273239136,0.2981942892074585,0.2845844030380249,0.6729834675788879,0.538263201713562,0.28294482827186584,0.09643317013978958,0.7400956153869629,0
0.5993773937225342,0.2760239839553833,-0.5653983354568481,0.9999295473098755,0.803459882736206,0.3288171887397766,-0.4876677989959717,0.9999805688858032,0.5705255270004272,0.3116469979286194,-0.03961418196558952,0.9998787641525269,0.8274540901184082,0.4361638128757477,-0.48031139373779297,0.9944689273834229,0.5498416423797607,0.39757686853408813,0.1276858150959015,0.3807898759841919,0.7949692606925964,0.522752583026886,-0.48212528228759766,0.850534200668335,0.5282820463180542,0.446432501077652,-0.005159510299563408,0.1188371479511261,0.7075408697128296,0.4865577220916748,-0.11441352218389511,0.999415397644043,0.5675027370452881,0.46722647547721863,0.11497104167938232,0.9982953667640686,0.5606176853179932,0.5417842268943787,-0.8131221532821655,0.9423620104789734,0.4049707055091858,0.5119971036911011,-0.47208261489868164,0.9076343178749084,0.22369492053985596,0.5957108736038208,-1.090474247932434,0.8720918893814087,0.17273610830307007,0.595417857170105,-0.9482954144477844,0.8060527443885803,0.1686304211616516,0.6204255819320679,-1.1192055940628052,0.8981497287750244,0.1400359869003296,0.6260806322097778,-1.000200867652893,0.9372687935829163,0.08978158235549927,0.5744479894638062,-1.2847620248794556,0.9221760630607605,0.05914419889450073,0.5664087533950806,-1.1133239269256592,0.9389380812644958,0
0.7186251878738403,0.43542391061782837,-0.4196707308292389,0.9998365640640259,0.9023760557174683,0.5071005821228027,-0.6187553405761719,0.9999841451644897,0.7500995993614197,0.4702473282814026,-0.0949806347489357,0.9998385906219482,0.8943514823913574,0.6189166903495789,-0.6018639206886292,0.9903734922409058,0.7463020086288452,0.5598064661026001,0.13329818844795227,0.05614876747131348,0.8326315879821777,0.7131025791168213,-0.4906321167945862,0.8749389052391052,0.6928592920303345,0.6202700138092041,0.13968901336193085,0.024843918159604073,0.7746102809906006,0.6733787655830383,-0.15127648413181305,0.9994004964828491,0.6934902667999268,0.6234933733940125,0.152115598320961,0.9982120990753174,0.5068938732147217,0.680381715297699,-0.48751384019851685,0.9329779148101807,0.43750566244125366,0.6353318095207214,-0.12463777512311935,0.5455403923988342,0.16894441843032837,0.6969076991081238,-0.5894104838371277,0.8592418432235718,0.13828259706497192,0.6696904301643372,-0.2543703019618988,0.4620027542114258,0.09399950504302979,0.7064477801322937,-0.6004327535629272,0.8497369885444641,0.07660544663667679,0.6827243566513062,-0.2712532877922058,0.5865529179573059,0.014172255992889404,0.6711461544036865,-0.7581682801246643,0.8966498970985413,0.04183608293533325,0.6188636422157288,-0.3859086334705353,0.6760714054107666,0
0.5894100666046143,0.29603007435798645,-0.06544968485832214,0.9999407529830933,0.6853595972061157,0.37573641538619995,-0.5092722773551941,0.9999847412109375,0.798693060874939,0.33861979842185974,0.15282191336154938,0.9999537467956543,0.6800981163978577,0.5198677182197571,-0.5477614402770996,0.9592992067337036,0.821128785610199,0.4453856945037842,0.2177029550075531,0.1289418488740921,0.6547991633415222,0.6235620379447937,-0.37374117970466614,0.9623910188674927,0.7148283123970032,0.5250464677810669,0.10189947485923767,0.10894141346216202,0.7489743232727051,0.5914597511291504,-0.17664723098278046,0.9999245405197144,0.8157472014427185,0.5456691980361938,0.17608396708965302,0.9998063445091248,0.4507957696914673,0.5517091751098633,0.21308572590351105,0.9369281530380249,0.6418436765670776,0.48160815238952637,0.6426759958267212,0.24444855749607086,0.1489570140838623,0.5339090824127197,0.7430024743080139,0.8858790993690491,0.4145492911338806,0.47173023223876953,1.1370561122894287,0.4340464472770691,0.10281169414520264,0.545976996421814,0.7892240881919861,0.8211351037025452,0.38427820801734924,0.4867125451564789,1.1799840927124023,0.45815208554267883,0.037993550300598145,0.4827975928783417,0.699429988861084,0.7938318252563477,0.3235107958316803,0.41486555337905884,1.1516916751861572,0.48101285099983215,0
0.543262779712677,0.19217821955680847,-0.08418489247560501,0.9990239143371582,0.49420201778411865,0.31928372383117676,-0.7906310558319092,0.9999516010284424,0.8343490362167358,0.2768435478210449,0.027452033013105392,0.9997448325157166,0.4167834520339966,0.4803593158721924,-0.7574779987335205,0.9372299313545227,0.8458591103553772,0.40716755390167236,0.422840416431427,0.09226851910352707,0.37999406456947327,0.5650784969329834,-0.46998876333236694,0.920711100101471,0.69521564245224,0.4160826802253723,0.7709025740623474,0.045087333768606186,0.5753033757209778,0.5444625616073608,-0.29199400544166565,0.9996871948242188,0.7281173467636108,0.5006241798400879,0.29260826110839844,0.9989134073257446,0.3718421161174774,0.3923625349998474,0.1321435123682022,0.943418025970459,0.5058491230010986,0.3899918794631958,0.8307708501815796,0.1815336048603058,0.13441842794418335,0.3862878382205963,0.9740523099899292,0.8524774312973022,0.17773815989494324,0.384146511554718,1.7001852989196777,0.24471983313560486,0.09297585487365723,0.3893337547779083,1.0549368858337402,0.7869560718536377,0.15494704246520996,0.4023136496543884,1.7878708839416504,0.297088086605072,0.07057899236679077,0.3150467574596405,1.0088579654693604,0.757239043712616,0.10719645023345947,0.31563228368759155,1.7523950338363647,0.2747136652469635,0
0.3729403614997864,0.3565201163291931,-0.6883037686347961,0.9999524354934692,0.29847079515457153,0.39954864978790283,-0.21017304062843323,0.999175488948822,0.297545850276947,0.45853573083877563,-0.7819518446922302,0.9999583959579468,0.3446497917175293,0.4842011034488678,0.02151542715728283,0.06249605864286423,0.323249876499176,0.549889326095581,-0.7403371930122375,0.9716386198997498,0.43430295586586,0.5348644256591797,0.11677990853786469,0.07880722731351852,0.4142603874206543,0.5928309559822083,-0.527624785900116,0.9036518335342407,0.38189753890037537,0.5176457166671753,0.1697201430797577,0.9981260895729065,0.3863911032676697,0.562620997428894,-0.1693176031112671,0.9997488856315613,0.5600866079330444,0.474995881319046,0.25318610668182373,0.5298337936401367,0.5872029662132263,0.5273234248161316,-0.33408376574516296,0.9716898202896118,0.7615746259689331,0.4804707467556,0.44788694381713867,0.3926887810230255,0.8049108386039734,0.4948171079158783,-0.2531570494174957,0.918434739112854,0.8070192337036133,0.47931230068206787,0.46404269337654114,0.3259165585041046,0.8491780161857605,0.5000407099723816,-0.2500465214252472,0.8500767946243286,0.8143970966339111,0.43958961963653564,0.4119411110877991,0.4861752688884735,0.851136326789856,0.45669588446617126,-0.38093259930610657,0.8944138288497925,0
0.3282097578048706,0.21437673270702362,-1.3308024406433105,0.9994263648986816,0.38365045189857483,0.2292344868183136,-0.3836170732975006,0.9999072551727295,0.08775174617767334,0.30051881074905396,-0.9357687830924988,0.9999939203262329,0.4319465160369873,0.3068273067474365,0.007355785463005304,0.3187848925590515,0.06766283512115479,0.4109552502632141,-0.8599851131439209,0.9957833290100098,0.46517413854599,0.379439115524292,-0.008581877686083317,0.1487996131181717,0.15238317847251892,0.4975736439228058,-0.8413076400756836,0.9092847108840942,0.39770448207855225,0.41190478205680847,0.16887570917606354,0.9992081522941589,0.24862435460090637,0.44500070810317993,-0.16812174022197723,0.9992384910583496,0.5940298438072205,0.4799083471298218,-0.5324040651321411,0.8113369941711426,0.45792075991630554,0.5214526653289795,-0.8729808926582336,0.9382526278495789,0.8566198348999023,0.5981264710426331,-0.7680221199989319,0.7155963182449341,0.7792046666145325,0.624882698059082,-1.1134004592895508,0.845714807510376,0.9065824747085571,0.6372785568237305,-0.8102678656578064,0.644054651260376,0.8406774401664734,0.6517946720123291,-1.1565464735031128,0.7209280133247375,0.9649796485900879,0.5635087490081787,-1.207110047340393,0.8565946221351624,0.9295463562011719,0.6133921146392822,-1.5961766242980957,0.9058945775032043,0
0.3453889489173889,0.24473848938941956,-0.6304516196250916,0.9999966621398926,0.46434661746025085,0.2709048390388489,-0.10183404386043549,0.9999927282333374,0.16011500358581543,0.29075515270233154,-0.2084633857011795,0.9999988079071045,0.5122434496879578,0.35552066564559937,0.00593134481459856,0.961074709892273,0.13482357561588287,0.3858361840248108,-0.09831049293279648,0.99639892578125,0.5458256006240845,0.4324966371059418,-0.18438959121704102,0.715782642364502,0.17430737614631653,0.4682599604129791,-0.20585079491138458,0.9234302043914795,0.4369705319404602,0.4171362519264221,0.030019430443644524,0.9993093013763428,0.2767677307128906,0.43122270703315735,-0.030179709196090698,0.999451220035553,0.5067604184150696,0.4822888672351837,-0.7520511746406555,0.8994886875152588,0.3654644787311554,0.5069277286529541,-0.895078718662262,0.8962302803993225,0.6192607283592224,0.6101807951927185,-1.340722680091858,0.6142512559890747,0.5202903747558594,0.6220218539237976,-1.484350562095642,0.6367995142936707,0.6140574216842651,0.6529223918914795,-1.4121967554092407,0.814384937286377,0.5774182677268982,0.658268928527832,-1.549170732498169,0.8305899500846863,0.6381075382232666,0.5838923454284668,-1.6816322803497314,0.8826859593391418,0.575273871421814,0.6308057308197021,-1.7918598651885986,0.9151085615158081,0
0.46263793110847473,0.14214666187763214,-0.7197812795639038,0.9999845027923584,0.6305630207061768,0.17645910382270813,-0.3274022042751312,0.9999953508377075,0.2866838574409485,0.176007479429245,-0.34714367985725403,0.9999995231628418,0.6778424978256226,0.2704791724681854,-0.2233249992132187,0.9867299795150757,0.23635777831077576,0.26409465074539185,-0.21676398813724518,0.9942139983177185,0.6862218976020813,0.3596307933330536,-0.3759155869483948,0.8424047231674194,0.2588891386985779,0.3536926805973053,-0.2933041751384735,0.9405741095542908,0.562516987323761,0.33382120728492737,0.007045081350952387,0.9995083808898926,0.37629303336143494,0.3350145220756531,-0.006878379732370377,0.9997795224189758,0.5594190359115601,0.42998290061950684,-0.5962488651275635,0.8459814190864563,0.3918263018131256,0.40933912992477417,-0.7348435521125793,0.8734625577926636,0.5268238186836243,0.5631911158561707,-0.9714390635490417,0.6870577931404114,0.4284587502479553,0.566515326499939,-1.1955633163452148,0.8089320659637451,0.4950641989707947,0.6076890230178833,-1.0127679109573364,0.8149546980857849,0.449269562959671,0.6068044900894165,-1.245078206062317,0.8076563477516174,0.5020124912261963,0.5716690421104431,-1.2993377447128296,0.8930304050445557,0.44964244961738586,0.5743430852890015,-1.519090175628662,0.8893598318099976,0
0.5554624199867249,0.25406140089035034,-0.5542251467704773,0.9999388456344604,0.7890432476997375,0.29564112424850464,-0.4469674527645111,0.999991774559021,0.4745701253414154,0.26305389404296875,-0.07314854860305786,0.9999960660934448,0.823552668094635,0.3962688148021698,-0.313740074634552,0.9961353540420532,0.42836427688598633,0.34176546335220337,0.22074343264102936,0.8399788737297058,0.8088784217834473,0.4791576862335205,-0.30968737602233887,0.8692479729652405,0.42685097455978394,0.42145758867263794,0.22037041187286377,0.5386919975280762,0.6730071306228638,0.44932422041893005,-0.07977347075939178,0.9997232556343079,0.5030310750007629,0.4270290434360504,0.08042094856500626,0.9997920393943787,0.5726015567779541,0.541207492351532,-0.6546494960784912,0.8817259073257446,0.4183743894100189,0.5152998566627502,-0.5538614988327026,0.9038748741149902,0.3720829486846924,0.6607136726379395,-0.9096200466156006,0.6146495342254639,0.2976624071598053,0.6460975408554077,-1.0111700296401978,0.6130676865577698,0.32159098982810974,0.701105535030365,-0.9405493140220642,0.7151313424110413,0.2936856150627136,0.6865918040275574,-1.066680908203125,0.7792699337005615,0.28768226504325867,0.6636002063751221,-1.1782068014144897,0.7367715835571289,0.20473942160606384,0.6453203558921814,-1.2929110527038574,0.8082059025764465,0
0.6216223239898682,0.24588434398174286,-0.9024909734725952,0.9998410940170288,0.8821017742156982,0.3165275454521179,-0.8082234859466553,0.9999642372131348,0.5859380960464478,0.25758132338523865,-0.3084147870540619,0.9999336004257202,0.9107480049133301,0.4250923991203308,-0.5524101257324219,0.9804912805557251,0.5722705721855164,0.34036707878112793,0.19534118473529816,0.13076379895210266,0.8808868527412415,0.5219180583953857,-0.2830357849597931,0.738409698009491,0.54023277759552,0.3990878462791443,0.36353662610054016,0.08740225434303284,0.7592606544494629,0.47740599513053894,-0.11995047330856323,0.9996286630630493,0.588322639465332,0.43905383348464966,0.12021425366401672,0.9992846846580505,0.5940012335777283,0.5673701763153076,-0.8856291770935059,0.9389296770095825,0.39979812502861023,0.5156722664833069,-0.5249201059341431,0.9218289852142334,0.22404174506664276,0.6644577980041504,-0.9672473073005676,0.8836511373519897,0.1550997495651245,0.6426273584365845,-0.7926836609840393,0.8854689002037048,0.1676594465970993,0.6824578046798706,-0.9765028953552246,0.8236801028251648,0.11908621340990067,0.6656193733215332,-0.8273855447769165,0.8716225028038025,0.07695317268371582,0.6604889035224915,-1.2667701244354248,0.9328213930130005,0.011621952056884766,0.639117956161499,-1.0775035619735718,0.9488810896873474,0
0.7933485507965088,0.42967092990875244,-1.1288871765136719,0.9995686411857605,0.9303234815597534,0.5294410586357117,-1.0127639770507812,0.999984622001648,0.8137847185134888,0.4419816732406616,-0.5040793418884277,0.999619722366333,0.8694242238998413,0.6198673844337463,-0.7346439361572266,0.9915087223052979,0.7446497082710266,0.5122998952865601,-0.03659965842962265,0.0155907878652215,0.7698522210121155,0.6689049601554871,-0.37476474046707153,0.8859257102012634,0.6854356527328491,0.5557090044021606,0.22341850399971008,0.010536768473684788,0.7365147471427917,0.6079447865486145,-0.12809176743030548,0.9999039173126221,0.6757013201713562,0.5484150648117065,0.12880434095859528,0.9995668530464172,0.47953686118125916,0.6149681210517883,-0.5667218565940857,0.9278786182403564,0.43188953399658203,0.5560352802276611,-0.2571121156215668,0.8932424783706665,0.17403727769851685,0.6026304960250854,-0.5117838978767395,0.8404603600502014,0.14991998672485352,0.5805343389511108,-0.3160122036933899,0.7492753267288208,0.12809091806411743,0.607526421546936,-0.5160332918167114,0.7164062857627869,0.10800790786743164,0.5898830890655518,-0.3319293260574341,0.6247250437736511,0.08193832635879517,0.5729319453239441,-0.7679486274719238,0.8942696452140808,0.060248494148254395,0.5499992966651917,-0.5532238483428955,0.8243878483772278,0
0.7222798466682434,0.45513296127319336,-0.7679686546325684,0.9998664855957031,0.8448299169540405,0.5763764381408691,-0.8129685521125793,0.9999957084655762,0.8238928318023682,0.4601130485534668,-0.4267934560775757,0.9998606443405151,0.8213943243026733,0.6860479712486267,-0.7753713726997375,0.9957668781280518,0.7645544409751892,0.4696892499923706,0.11945980787277222,0.11994794011116028,0.7184650897979736,0.7210530042648315,-0.7545703649520874,0.9803958535194397,0.707648515701294,0.4727892279624939,0.5618889927864075,0.09053860604763031,0.7448191046714783,0.6606153845787048,-0.16707655787467957,0.9999783039093018,0.7192770838737488,0.5813930034637451,0.1679670214653015,0.9998458623886108,0.420643150806427,0.623466432094574,-0.29912638664245605,0.9449142813682556,0.5253641605377197,0.5145619511604309,0.050837669521570206,0.47150468826293945,0.1620909571647644,0.5873066782951355,-0.27668774127960205,0.9785888195037842,0.21610459685325623,0.5367684960365295,0.14778359234333038,0.4071890711784363,0.11246597766876221,0.5775251388549805,-0.2748045325279236,0.9482345581054688,0.17848756909370422,0.5573021173477173,0.1549559086561203,0.26618728041648865,0.05406457185745239,0.5286653637886047,-0.40542346239089966,0.978039562702179,0.0775991678237915,0.5134434700012207,0.0806526243686676,0.550239086151123,0
0.5760663747787476,0.5128288865089417,-0.6547917723655701,0.9936298727989197,0.6470826864242554,0.5396028757095337,-0.5092045664787292,0.9983431100845337,0.5558199882507324,0.4901001751422882,-0.5625156760215759,0.9990928173065186,0.5627397894859314,0.6050393581390381,-0.31178581714630127,0.42222461104393005,0.4556939899921417,0.5004792809486389,-0.2605047821998596,0.22324448823928833,0.49868929386138916,0.648804783821106,-0.20339572429656982,0.764786958694458,0.33521342277526855,0.5323054790496826,-0.07081679254770279,0.5541180968284607,0.6302539110183716,0.5305228233337402,0.05152807757258415,0.9999970197677612,0.5875011682510376,0.5108951926231384,-0.0501042902469635,0.999998927116394,0.5098806023597717,0.5564813613891602,0.19489246606826782,0.7738925218582153,0.4076284170150757,0.5353065133094788,-0.13306279480457306,0.9066532850265503,0.31393012404441833,0.502510130405426,0.5598795413970947,0.3390122950077057,0.2765212655067444,0.49521327018737793,0.08971837162971497,0.8310233354568481,0.2890675365924835,0.49121588468551636,0.6003716588020325,0.35422801971435547,0.2623303234577179,0.4846789240837097,0.1135239228606224,0.5941736102104187,0.22887107729911804,0.5012490153312683,0.508065938949585,0.6888100504875183,0.19798706471920013,0.5047436356544495,-0.03587657958269119,0.9044398069381714,0
0.5204752087593079,0.3930310606956482,-0.5989383459091187,0.9998668432235718,0.3030205965042114,0.4221031665802002,-0.4658593237400055,0.9998856782913208,0.5405298471450806,0.5199479460716248,-0.7062121033668518,0.999871015548706,0.48199284076690674,0.42770808935165405,-0.24468524754047394,0.2100629210472107,0.6622861623764038,0.5667634606361389,-0.4721459150314331,0.4426116943359375,0.6674182415008545,0.44129496812820435,-0.2562142312526703,0.39573073387145996,0.7308082580566406,0.590711236000061,-0.21054086089134216,0.6096906065940857,0.38027089834213257,0.5760136246681213,0.11803022027015686,0.9999762773513794,0.515306830406189,0.6016037464141846,-0.11800144612789154,0.9999876022338867,0.4948903024196625,0.5277048349380493,0.6891720294952393,0.6433904767036438,0.6847729086875916,0.4753040373325348,0.2518024146556854,0.8538371324539185,0.5657634735107422,0.5922207832336426,1.414685606956482,0.6257680058479309,0.8413784503936768,0.39674392342567444,0.6436730027198792,0.9196886420249939,0.577380359172821,0.6044226288795471,1.4926186800003052,0.530729353427887,0.9071606397628784,0.426065057516098,0.6786541938781738,0.7556699514389038,0.6026468873023987,0.5914011597633362,1.4797834157943726,0.6272068023681641,0.889935314655304,0.34917253255844116,0.5640751123428345,0.9068931341171265,0
0.3178052604198456,0.46627113223075867,-0.9038975834846497,0.9961863160133362,0.1593397557735443,0.4704729914665222,-0.5254791378974915,0.9951807260513306,0.16412144899368286,0.5845699906349182,-0.9152974486351013,0.9995843768119812,0.2418847680091858,0.4993268847465515,-0.11475876718759537,0.08181264251470566,0.1471472829580307,0.683383584022522,-0.7913075089454651,0.9813294410705566,0.3000231981277466,0.5312763452529907,0.1518629640340805,0.06844210624694824,0.22290581464767456,0.7132391333580017,-0.577355682849884,0.8723308444023132,0.31630533933639526,0.5830408334732056,0.13888436555862427,0.992602527141571,0.3059457242488861,0.6510367393493652,-0.13846594095230103,0.9989985823631287,0.5712546110153198,0.5535760521888733,0.0731055811047554,0.7166110873222351,0.5559085607528687,0.6410866379737854,-0.37973472476005554,0.9724143147468567,0.8346441388130188,0.5579972267150879,0.2455453723669052,0.6969411373138428,0.8475552797317505,0.6139971017837524,-0.18067727982997894,0.9144752621650696,0.8721160292625427,0.5736842155456543,0.2553015649318695,0.5510317087173462,0.8782016038894653,0.6101691126823425,-0.16400006413459778,0.7927823066711426,0.9401266574859619,0.5398957133293152,0.13845261931419373,0.6924221515655518,0.9499510526657104,0.578768789768219,-0.29942548274993896,0.8977676630020142,0
0.37189412117004395,0.3547273874282837,-1.4660053253173828,0.9731265902519226,0.41130512952804565,0.34681594371795654,-0.7021914720535278,0.9980047345161438,0.16169540584087372,0.4160591959953308,-0.9949777126312256,0.9992269277572632,0.40749236941337585,0.39450669288635254,-0.26364126801490784,0.141654372215271,0.12765170633792877,0.4716792106628418,-0.6088418364524841,0.964418351650238,0.4328530728816986,0.4671669006347656,-0.02432740107178688,0.09243675321340561,0.1715882569551468,0.5356937050819397,-0.1222124919295311,0.7769090533256531,0.40542536973953247,0.4756048321723938,0.08836174756288528,0.9927117824554443,0.2891441881656647,0.5162632465362549,-0.08776722848415375,0.9944475889205933,0.5802783966064453,0.5467839241027832,-0.30796557664871216,0.9043743014335632,0.45269227027893066,0.5828647613525391,-0.49764692783355713,0.9259085059165955,0.7495315670967102,0.6395595669746399,-0.17035366594791412,0.9318816065788269,0.7120130062103271,0.6624330282211304,-0.3350062370300293,0.9165815114974976,0.7650622725486755,0.657625675201416,-0.16881735622882843,0.7665853500366211,0.7437539100646973,0.6732772588729858,-0.33153578639030457,0.7902248501777649,0.8384435176849365,0.6499575972557068,-0.45711302757263184,0.9280760288238525,0.8042149543762207,0.6762515306472778,-0.6396167874336243,0.9188562631607056,0
0.4250476658344269,0.2967250347137451,-0.9755862951278687,0.9999830722808838,0.5067762136459351,0.3012465834617615,-0.41860321164131165,0.9999920129776001,0.2655201554298401,0.3234637379646301,-0.5798678398132324,0.9999985694885254,0.5360918045043945,0.35982561111450195,-0.2470521181821823,0.8988795280456543,0.23684264719486237,0.3881577253341675,-0.4035549461841583,0.997236967086792,0.5559616684913635,0.4175623953342438,-0.3817584812641144,0.6487956047058105,0.26240217685699463,0.44517388939857483,-0.36799362301826477,0.9757368564605713,0.4770562946796417,0.4119446277618408,0.056588903069496155,0.9997996687889099,0.352072149515152,0.4272303879261017,-0.05618232116103172,0.9996470212936401,0.5361642837524414,0.48153793811798096,-0.5438284873962402,0.8642735481262207,0.4220788776874542,0.5014314651489258,-0.2956821620464325,0.7514867782592773,0.6171442270278931,0.5900558829307556,-0.7331483364105225,0.8053343892097473,0.5529676079750061,0.598663330078125,-0.27988243103027344,0.6447023749351501,0.6250042915344238,0.6075331568717957,-0.7629429697990417,0.7883302569389343,0.5787674188613892,0.6153882741928101,-0.29240280389785767,0.42972463369369507,0.6601604223251343,0.5906991958618164,-1.0751667022705078,0.9243054389953613,0.5909374356269836,0.6164143681526184,-0.5653796195983887,0.7194891571998596,0
0.4895111620426178,0.29299840331077576,-0.9092387557029724,0.9999977350234985,0.5887059569358826,0.3119038939476013,-0.4054231643676758,0.9999971389770508,0.3827698826789856,0.31091010570526123,-0.3987567722797394,0.9999995231628418,0.6229062080383301,0.3664917051792145,-0.4152255654335022,0.9987867474555969,0.34897130727767944,0.3613131046295166,-0.336195170879364,0.9988718628883362,0.624995768070221,0.41974306106567383,-0.6407127380371094,0.9530961513519287,0.3586992919445038,0.41410258412361145,-0.4771760404109955,0.977706789970398,0.5439193248748779,0.4073482155799866,-0.005217898637056351,0.9994267225265503,0.43109747767448425,0.4075504541397095,0.00564607372507453,0.9996832609176636,0.5429904460906982,0.46456778049468994,-0.6001294255256653,0.9668520092964172,0.43071091175079346,0.464876264333725,-0.7023988962173462,0.9690203070640564,0.513935387134552,0.5459572076797485,-0.916699230670929,0.6319221258163452,0.45020216703414917,0.5450295805931091,-1.1386315822601318,0.6795112490653992,0.5000408887863159,0.5674362778663635,-0.9709402918815613,0.8442762494087219,0.457047700881958,0.5727159380912781,-1.2041162252426147,0.9216658473014832,0.507492184638977,0.5464593768119812,-1.220871925354004,0.9546929001808167,0.45804524421691895,0.5487152338027954,-1.4366474151611328,0.9733591675758362,0
0.5169773697853088,0.17074725031852722,-0.9814187288284302,0.9999872446060181,0.7208111882209778,0.25952646136283875,-0.5131975412368774,0.9999628067016602,0.3424851894378662,0.26775407791137695,-0.5674428939819336,0.9999788999557495,0.8286745548248291,0.37835419178009033,-0.582248330116272,0.9933295845985413,0.24437689781188965,0.3941599428653717,-0.6262696981430054,0.9949204325675964,0.7015864849090576,0.4502542018890381,-0.9131197929382324,0.952121913433075,0.36132538318634033,0.4497949182987213,-0.9046146273612976,0.9687699675559998,0.6472162008285522,0.46207666397094727,0.019506976008415222,0.9999880790710449,0.4201502501964569,0.4617782533168793,-0.019934147596359253,0.9999887943267822,0.6765020489692688,0.5891001224517822,-0.669762372970581,0.944488525390625,0.37036463618278503,0.5808449387550354,-0.6980385780334473,0.9190221428871155,0.6200753450393677,0.515379011631012,0.33885014057159424,0.041394878178834915,0.44597458839416504,0.5238441228866577,0.28920844197273254,0.041531700640916824,0.6053098440170288,0.496176540851593,0.4589087963104248,0.06835660338401794,0.4578394591808319,0.5111767053604126,0.40918442606925964,0.0536615327000618,0.613054633140564,0.5348487496376038,0.568673312664032,0.05258525535464287,0.4725492000579834,0.5437500476837158,0.5075713992118835,0.05406360700726509,1
0.3305334448814392,0.13734641671180725,-0.6605306267738342,0.9999555349349976,0.6548745036125183,0.21969205141067505,-0.904853343963623,0.999988317489624,0.40223243832588196,0.23090514540672302,0.04918234422802925,0.9999085664749146,0.7843531966209412,0.3884418308734894,-0.897235095500946,0.9985839128494263,0.382938027381897,0.3679006099700928,0.2102893441915512,0.7000336647033691,0.48776525259017944,0.4744172990322113,-0.8093405961990356,0.9954600930213928,0.29687273502349854,0.4579372704029083,-0.12017898261547089,0.7324478626251221,0.6682910323143005,0.49105367064476013,-0.3152284324169159,0.9999959468841553,0.49942338466644287,0.47590216994285583,0.31478768587112427,0.9999903440475464,0.32623761892318726,0.6141248345375061,-0.6288677453994751,0.9775480628013611,0.14289173483848572,0.5743873715400696,0.3677820861339569,0.5889100432395935,0.6890432834625244,0.5760980248451233,0.2615378201007843,0.43555277585983276,0.5482351183891296,0.5465138554573059,0.9616066217422485,0.052281856536865234,0.7382973432540894,0.5456039905548096,0.36903148889541626,0.45468857884407043,0.5916169881820679,0.5165997743606567,1.032498836517334,0.09739932417869568,0.8203607797622681,0.5853885412216187,0.6634483337402344,0.5396268367767334,0.6563698053359985,0.5723233222961426,1.2913703918457031,0.09236761182546616,1
0.5025743246078491,0.11767122149467468,-0.3057687282562256,0.9999082088470459,0.7846221327781677,0.2389107346534729,-0.744677722454071,0.9999203681945801,0.6423841714859009,0.22946038842201233,0.27603834867477417,0.9996778964996338,0.7768794298171997,0.45301565527915955,-0.6761261820793152,0.9957253932952881,0.5981158018112183,0.3991149067878723,0.404940128326416,0.2933636009693146,0.44516658782958984,0.49888426065444946,-0.4352949559688568,0.9895601272583008,0.38705915212631226,0.4625323414802551,0.050752244889736176,0.41186073422431946,0.7548192143440247,0.5419464707374573,-0.29740506410598755,0.9999655485153198,0.6494008302688599,0.5070520043373108,0.29736754298210144,0.9999164342880249,0.17020130157470703,0.6060616374015808,-0.37126606702804565,0.990003764629364,0.1590244174003601,0.5568079948425293,0.6167245507240295,0.36177128553390503,0.671513020992279,0.6281067728996277,0.15676796436309814,0.8099202513694763,0.6641926169395447,0.5913164019584656,0.769537627696991,0.06941747665405273,0.741291880607605,0.6041455864906311,0.22126775979995728,0.7333095073699951,0.7179980874061584,0.5710386037826538,0.7764002084732056,0.0918363705277443,0.7958868741989136,0.6309795379638672,0.5204383730888367,0.8352870345115662,0.7935490012168884,0.6137734651565552,0.9645709991455078,0.1285238116979599,1
0.2614325284957886,0.14199042320251465,-0.12344805896282196,0.9985665678977966,0.2605730891227722,0.2589711546897888,-0.55987948179245,0.9998273253440857,0.5485714673995972,0.22773835062980652,-0.1214568167924881,0.9995576739311218,0.2873818874359131,0.41453972458839417,-0.41468921303749084,0.6682636141777039,0.578827977180481,0.34803539514541626,0.16931594908237457,0.10193772614002228,0.270887553691864,0.4618934094905853,-0.011741996742784977,0.2952682673931122,0.5055062174797058,0.38100799918174744,0.49104052782058716,0.025004325434565544,0.41053640842437744,0.4790833592414856,-0.1846572458744049,0.9999899864196777,0.5518816709518433,0.45692458748817444,0.1836024820804596,0.9999387264251709,0.1213635504245758,0.4884185492992401,0.2784983217716217,0.955010712146759,0.362551212310791,0.41045621037483215,0.9920879006385803,0.16414928436279297,0.41182002425193787,0.5355275869369507,0.8343314528465271,0.7118903994560242,0.4391957223415375,0.46792903542518616,1.3058580160140991,0.18418103456497192,0.4884275496006012,0.5572844743728638,0.9081406593322754,0.7720990777015686,0.47740304470062256,0.4779001772403717,1.340444803237915,0.22988642752170563,0.3928002119064331,0.5739957094192505,1.1918342113494873,0.5911339521408081,0.38008394837379456,0.47671768069267273,1.5432407855987549,0.16864411532878876,1
0.4086216688156128,0.1657904088497162,0.19254212081432343,0.996253490447998,0.22657325863838196,0.2858339548110962,-0.4297052323818207,0.9998364448547363,0.7488563656806946,0.2643190622329712,-0.46892455220222473,0.9996310472488403,0.19071543216705322,0.4779883027076721,-0.4092065393924713,0.8763304352760315,0.8680716753005981,0.4312170743942261,-0.3130611181259155,0.722266674041748,0.31247639656066895,0.4966604709625244,-0.2717263102531433,0.20189915597438812,0.6888986825942993,0.4700542092323303,-0.05729002505540848,0.16660577058792114,0.4355303645133972,0.5958019495010376,-0.0022337508853524923,0.9999377727508545,0.7200685739517212,0.5739020705223083,0.0011953646317124367,0.9998052716255188,0.3343149423599243,0.5326235294342041,1.0455952882766724,0.43869176506996155,0.6563149690628052,0.5258162617683411,1.1292731761932373,0.17592209577560425,0.45814037322998047,0.6291833519935608,1.811028242111206,0.4426332414150238,0.6185738444328308,0.615026593208313,1.8643033504486084,0.18806399405002594,0.526347279548645,0.662869393825531,1.9044268131256104,0.5205956697463989,0.6269239187240601,0.6372251510620117,1.9476710557937622,0.39091354608535767,0.45966845750808716,0.6268657445907593,2.1500344276428223,0.21215039491653442,0.5889615416526794,0.6100879907608032,2.158618688583374,0.11369455605745316,1
0.5535241365432739,0.14477336406707764,0.01856859400868416,0.999934196472168,0.29451215267181396,0.2526886463165283,-0.07362423092126846,0.9998987913131714,0.6651554107666016,0.2889530062675476,-0.621710479259491,0.9999682903289795,0.3516122102737427,0.38767483830451965,0.2084924727678299,0.0690130889415741,0.7310931086540222,0.45080941915512085,-0.3288893401622772,0.9334849119186401,0.4439353048801422,0.42376309633255005,0.45041996240615845,0.028040219098329544,0.7935770750045776,0.45653218030929565,0.13960960507392883,0.6863683462142944,0.3882749676704407,0.5353001952171326,0.16111135482788086,0.999922513961792,0.5619146823883057,0.5528572201728821,-0.1613711267709732,0.9999152421951294,0.5292308926582336,0.4932808578014374,0.808606743812561,0.39129000902175903,0.8759350776672363,0.5042678713798523,0.30360352993011475,0.5651872158050537,0.4028923511505127,0.6040526032447815,1.4006917476654053,0.19205094873905182,0.4923318922519684,0.5916865468025208,1.08495032787323,0.24458351731300354,0.3708801567554474,0.6267011165618896,1.469334363937378,0.2637370526790619,0.4232196807861328,0.61357581615448,1.1780582666397095,0.3669129014015198,0.4132968485355377,0.6024813055992126,1.6875907182693481,0.10664145648479462,0.47245851159095764,0.5730204582214355,1.4555730819702148,0.17062802612781525,1
0.5182372331619263,0.1529783308506012,-0.5763668417930603,0.9999890327453613,0.34972044825553894,0.28711462020874023,0.10019749402999878,0.999915599822998,0.2567896842956543,0.3020753860473633,-0.9958701729774475,0.99997878074646,0.38241487741470337,0.45641353726387024,0.14285825192928314,0.3022240102291107,0.23619404435157776,0.5199593305587769,-0.8642276525497437,0.9968703389167786,0.6254999041557312,0.5088225603103638,-0.3184139132499695,0.5733237862586975,0.5808155536651611,0.5404801368713379,-0.5354210734367371,0.9815806746482849,0.35178518295288086,0.5419749021530151,0.3208616077899933,0.9996672868728638,0.25233396887779236,0.5923690795898438,-0.32008570432662964,0.9998290538787842,0.8296084403991699,0.5572053790092468,0.7555532455444336,0.33141058683395386,0.8140627145767212,0.6436681747436523,-0.5731358528137207,0.9903882145881653,0.4147285223007202,0.6116068959236145,0.8577969670295715,0.02270713448524475,0.36116164922714233,0.6594951748847961,0.298338383436203,0.2567829191684723,0.35790055990219116,0.6077666282653809,0.8378620147705078,0.02713681012392044,0.31712597608566284,0.6572204232215881,0.40007108449935913,0.35547125339508057,0.3662768304347992,0.6267132759094238,1.0620086193084717,0.02847050316631794,0.3244498372077942,0.6560106873512268,0.7977180480957031,0.28400999307632446,1
0.4297679364681244,0.15777796506881714,-0.915936291217804,0.9999892711639404,0.44402799010276794,0.22827886044979095,-0.29787376523017883,0.9999719858169556,0.16640637814998627,0.2872270345687866,-0.8678380846977234,0.9999688863754272,0.5343151092529297,0.3427845239639282,-0.11544084548950195,0.9709176421165466,0.13169357180595398,0.4457818865776062,-0.7865796089172363,0.9997238516807556,0.618838369846344,0.43669864535331726,-0.27806228399276733,0.9684914350509644,0.41007739305496216,0.4802144169807434,-0.7902975082397461,0.9976309537887573,0.4535783529281616,0.43862593173980713,0.2012709379196167,0.9998883008956909,0.300731360912323,0.48252031207084656,-0.2011266052722931,0.9998793601989746,0.7875849008560181,0.5197141766548157,0.11955021321773529,0.7969346046447754,0.6069033145904541,0.5844212174415588,-0.42610225081443787,0.9864988327026367,0.48937341570854187,0.514469563961029,0.7272822856903076,0.01864437572658062,0.38711366057395935,0.551112174987793,0.4332917630672455,0.17623156309127808,0.442940890789032,0.49320292472839355,0.7928546071052551,0.027673130854964256,0.3491826057434082,0.5281937122344971,0.5419747233390808,0.2793026268482208,0.43184879422187805,0.5402082800865173,1.0216968059539795,0.02276548743247986,0.36874791979789734,0.5559763312339783,0.8312878012657166,0.2064344584941864,1
0.4087081551551819,0.24221819639205933,-0.9430551528930664,0.9999954700469971,0.5373963117599487,0.3093740940093994,-0.4303279519081116,0.9999873638153076,0.20244508981704712,0.3416047692298889,-0.634767472743988,0.9999932050704956,0.634677529335022,0.41068410873413086,-0.39410290122032166,0.9826605916023254,0.15676072239875793,0.47255468368530273,-0.6310631632804871,0.9993267059326172,0.6230239868164062,0.4997461438179016,-0.6829468607902527,0.965205729007721,0.3547419011592865,0.5225729942321777,-0.7855668067932129,0.9935219883918762,0.5405721068382263,0.501608669757843,0.07655972242355347,0.9999799728393555,0.34589657187461853,0.5264723896980286,-0.0768972784280777,0.9999819993972778,0.7348774671554565,0.6085663437843323,-0.3143005669116974,0.8487041592597961,0.4627078175544739,0.6391984820365906,-0.6454681754112244,0.9541916847229004,0.5121059417724609,0.5474893450737,0.5032699108123779,0.02119988016784191,0.39548757672309875,0.5669044256210327,0.2858774960041046,0.07972236722707748,0.480954110622406,0.5248821377754211,0.5987759232521057,0.038202568888664246,0.38984158635139465,0.5469383001327515,0.3990359306335449,0.12216600775718689,0.47593340277671814,0.5693726539611816,0.7962271571159363,0.03137480467557907,0.3969358801841736,0.5794520378112793,0.5824838876724243,0.10338915139436722,1
0.5164303779602051,0.14481034874916077,-1.202860713005066,0.99998939037323,0.779498279094696,0.2510051429271698,-0.6491063237190247,0.9999675750732422,0.28925496339797974,0.25696155428886414,-0.7025591135025024,0.9999786615371704,0.9333356022834778,0.4025088846683502,-0.7061753869056702,0.9941321015357971,0.15959149599075317,0.41609418392181396,-0.7307376861572266,0.9961381554603577,0.7465601563453674,0.5030907988548279,-1.0787256956100464,0.9497398138046265,0.3078517019748688,0.5024538636207581,-1.0333807468414307,0.9658482074737549,0.6768801212310791,0.5122627019882202,0.022701041772961617,0.9999839067459106,0.38742586970329285,0.5152578949928284,-0.02328544668853283,0.9999839067459106,0.7246333956718445,0.6851900815963745,-0.7040089964866638,0.9173735976219177,0.3287137746810913,0.6814149618148804,-0.7560386657714844,0.944827675819397,0.6464931964874268,0.5708770751953125,0.4484310746192932,0.03932568430900574,0.43535473942756653,0.5709927082061768,0.4188150465488434,0.045122258365154266,0.6468988656997681,0.5483500361442566,0.5909658670425415,0.06825663149356842,0.46516188979148865,0.5493938326835632,0.5671535134315491,0.055032458156347275,0.6500347256660461,0.5968066453933716,0.8052836656570435,0.053028155118227005,0.48719993233680725,0.5979031324386597,0.7973304390907288,0.056504346430301666,1
0.47774216532707214,0.15087690949440002,-1.3291070461273193,0.9999986886978149,0.7319915890693665,0.23839256167411804,-0.789693295955658,0.9999923706054688,0.2292502075433731,0.23475322127342224,-0.8753545880317688,0.9999881982803345,0.8551537990570068,0.3987276256084442,-0.7685442566871643,0.9989043474197388,0.09946966171264648,0.39855849742889404,-0.8342311382293701,0.9988343119621277,0.6764629483222961,0.5182737112045288,-1.0040961503982544,0.9879597425460815,0.26128149032592773,0.5084412693977356,-1.0271893739700317,0.9844545125961304,0.6158342957496643,0.4788975715637207,0.032298922538757324,0.9999932050704956,0.32827720046043396,0.4826003909111023,-0.033439211547374725,0.9999898672103882,0.6554012298583984,0.6871166229248047,-0.5015645623207092,0.9131004214286804,0.2555769681930542,0.6755459308624268,-0.5587931275367737,0.9405654668807983,0.6230077743530273,0.5621016025543213,0.5621499419212341,0.031061997637152672,0.41822493076324463,0.5538972020149231,0.48359429836273193,0.05388489365577698,0.599186897277832,0.5242213606834412,0.6940948367118835,0.05733880028128624,0.4281671345233917,0.5227524638175964,0.6156471967697144,0.05740007013082504,0.6010241508483887,0.5910933613777161,0.9462212920188904,0.044018104672431946,0.4561951756477356,0.5798165798187256,0.8624576330184937,0.07067574560642242,1
0.44107335805892944,0.16324204206466675,-1.4409220218658447,0.999995231628418,0.8015860319137573,0.253461092710495,-0.9764460325241089,0.9999957084655762,0.2870384752750397,0.23800042271614075,-0.7782610058784485,0.99998939037323,0.9428725242614746,0.4331973195075989,-0.9257632493972778,0.9986384510993958,0.19584986567497253,0.38858267664909363,-0.5813852548599243,0.9794053435325623,0.6664834022521973,0.5508620738983154,-1.1114466190338135,0.9910802245140076,0.24584737420082092,0.5167518258094788,-0.7794933915138245,0.9574710726737976,0.6632715463638306,0.5269050002098083,-0.043221086263656616,0.9999825954437256,0.3869011402130127,0.5148907899856567,0.04224174842238426,0.9999755620956421,0.5655848383903503,0.7378345131874084,-0.6565726399421692,0.90775465965271,0.1683732569217682,0.6861168146133423,-0.5701449513435364,0.9296209216117859,0.6958996653556824,0.6026697158813477,0.6053745746612549,0.050516095012426376,0.4315384030342102,0.5901181101799011,0.6980443000793457,0.041075654327869415,0.716733992099762,0.5674148201942444,0.7626193761825562,0.06814144551753998,0.4553510546684265,0.5685403943061829,0.8642510771751404,0.05494399741292,0.6936478018760681,0.6368903517723083,1.041776418685913,0.05829548090696335,0.4616006314754486,0.6316062808036804,1.1981760263442993,0.05460332706570625,1
0.40303266048431396,0.13978946208953857,-0.8251397609710693,0.9999955892562866,0.7514680027961731,0.2470623254776001,-0.8951138854026794,0.9999948740005493,0.4033181667327881,0.20384567975997925,-0.20271386206150055,0.9999717473983765,0.8389179706573486,0.4400145411491394,-0.8659473061561584,0.999164342880249,0.3159160614013672,0.33763575553894043,0.01582297682762146,0.8740296363830566,0.5265485048294067,0.5102335214614868,-0.8612802624702454,0.9965341091156006,0.2627566158771515,0.45336323976516724,-0.15823262929916382,0.8136322498321533,0.660483717918396,0.5047772526741028,-0.2368483543395996,0.9999938011169434,0.46092310547828674,0.4718596935272217,0.23608428239822388,0.9999867677688599,0.3456808924674988,0.6598199605941772,-0.5141246914863586,0.9851515889167786,0.10110235214233398,0.5863021612167358,0.21540634334087372,0.8402667045593262,0.692188560962677,0.5835772752761841,0.3502381443977356,0.47183409333229065,0.5056381225585938,0.55473393201828,0.9408980011940002,0.08447098731994629,0.7743480801582336,0.5453975796699524,0.46572908759117126,0.3673774003982544,0.5685827136039734,0.5290105938911438,1.045609474182129,0.13050709664821625,0.7680624723434448,0.6365594863891602,0.7462584376335144,0.5043799877166748,0.5736003518104553,0.5962863564491272,1.3550695180892944,0.14056916534900665,1
0.3163369297981262,0.2403067946434021,-0.6094892621040344,0.9999951124191284,0.6035162210464478,0.3323204219341278,-0.6547616720199585,0.9999927282333374,0.34771963953971863,0.2782628834247589,-0.2362348884344101,0.999984622001648,0.6573681831359863,0.4835297167301178,-0.5786762237548828,0.999121367931366,0.2793121933937073,0.3763256371021271,-0.06560691446065903,0.9077783226966858,0.40941908955574036,0.5266533493995667,-0.5449540019035339,0.994724690914154,0.23191070556640625,0.4607435166835785,-0.14593639969825745,0.8384984731674194,0.5243514776229858,0.5027630925178528,-0.14079949259757996,0.9999916553497314,0.38464200496673584,0.468070924282074,0.14049693942070007,0.9999852180480957,0.2385176569223404,0.6287106871604919,-0.2435925453901291,0.9873887300491333,0.0953073501586914,0.5509025454521179,0.18870612978935242,0.7060815691947937,0.5461834669113159,0.567539632320404,0.23813164234161377,0.5408320426940918,0.3884778916835785,0.5439621806144714,0.6220795512199402,0.05173233151435852,0.5901696085929871,0.539417564868927,0.30209681391716003,0.420639306306839,0.44010129570961,0.5274499654769897,0.682778537273407,0.09028363972902298,0.6111821532249451,0.6109809279441833,0.49492108821868896,0.5633443593978882,0.43660348653793335,0.5817072987556458,0.8910167217254639,0.10732077062129974,1
0.42074981331825256,0.19622370600700378,-0.9508816003799438,0.9999692440032959,0.7060103416442871,0.3435637652873993,-0.9673102498054504,0.9997557997703552,0.5029743313789368,0.23240596055984497,-0.48528239130973816,0.9999819993972778,0.6904703974723816,0.5285940766334534,-0.7620024085044861,0.9870280027389526,0.46193039417266846,0.3433019518852234,-0.1182665303349495,0.6781361699104309,0.3984191417694092,0.5316423177719116,-0.5667230486869812,0.9202253818511963,0.3285979628562927,0.4138681888580322,-0.08100826293230057,0.5984067320823669,0.6395166516304016,0.536449670791626,-0.18928742408752441,0.9999135732650757,0.5094169974327087,0.4608238935470581,0.18947266042232513,0.9999347925186157,0.1793285310268402,0.6077280640602112,-0.42950037121772766,0.9453105926513672,0.15621864795684814,0.49680086970329285,0.14964866638183594,0.617310643196106,0.4424011707305908,0.5326261520385742,0.3475673198699951,0.1672954261302948,0.40981245040893555,0.5273545384407043,0.5253738760948181,0.04543059691786766,0.4996839463710785,0.5125328898429871,0.4555753767490387,0.19791099429130554,0.4627120792865753,0.5281308889389038,0.5848429203033447,0.04600183293223381,0.39505118131637573,0.5194903612136841,0.8734577894210815,0.2327083945274353,0.40635424852371216,0.5539792776107788,0.9056217074394226,0.09332621842622757,1
0.37325289845466614,0.20319682359695435,-0.5856999754905701,0.9994947910308838,0.5395195484161377,0.4029150605201721,-0.8450499176979065,0.9995337724685669,0.6766629219055176,0.27409443259239197,-0.21022740006446838,0.9997650980949402,0.48155614733695984,0.600302517414093,-0.7127277255058289,0.935174286365509,0.586555004119873,0.40458208322525024,0.11792789399623871,0.06522651761770248,0.27145883440971375,0.5440893173217773,-0.3674090802669525,0.8014239072799683,0.39237159490585327,0.46247005462646484,0.2092553824186325,0.048006024211645126,0.5489266514778137,0.6254265308380127,-0.22094671428203583,0.999916672706604,0.6237668991088867,0.5233337879180908,0.22099198400974274,0.9996750354766846,0.0712805986404419,0.5862227082252502,-0.15434013307094574,0.9014195203781128,0.35883834958076477,0.41518765687942505,0.7707609534263611,0.12582466006278992,0.2777712047100067,0.6048198938369751,0.5933025479316711,0.1909080296754837,0.2960389256477356,0.5415685176849365,1.0267564058303833,0.044057123363018036,0.35545647144317627,0.6090466976165771,0.6915796399116516,0.1892664134502411,0.32892224192619324,0.5722421407699585,1.0574628114700317,0.05453111231327057,0.17886435985565186,0.5810568332672119,1.0583840608596802,0.19764630496501923,0.1661090850830078,0.5321832895278931,1.2960370779037476,0.08278204500675201,1
0.4556451141834259,0.21362939476966858,-0.18199023604393005,0.9997267127037048,0.2617758512496948,0.36763685941696167,-0.6899248957633972,0.9999270439147949,0.7274777889251709,0.31791457533836365,-0.45536255836486816,0.9999030828475952,0.17329207062721252,0.5410128831863403,-0.27389001846313477,0.6344689130783081,0.7263235449790955,0.44371864199638367,0.1144392192363739,0.24933332204818726,0.25379371643066406,0.5244117975234985,0.34828516840934753,0.13726530969142914,0.6258983016014099,0.42063552141189575,0.845527172088623,0.04833625629544258,0.38417571783065796,0.608081579208374,-0.10520573705434799,0.9998699426651001,0.6207420229911804,0.5798520445823669,0.1051090881228447,0.9997767806053162,0.1540401577949524,0.47999781370162964,0.5905358195304871,0.32951781153678894,0.5890408158302307,0.41660478711128235,0.8659827709197998,0.0869060829281807,0.31590282917022705,0.573237955570221,1.6474601030349731,0.21658043563365936,0.5100410580635071,0.5226073265075684,1.9113479852676392,0.06394326686859131,0.4067651331424713,0.5910639762878418,1.775871753692627,0.2752499282360077,0.528737485408783,0.5523374676704407,2.0211074352264404,0.14631551504135132,0.28017812967300415,0.5600941777229309,2.0832090377807617,0.08409067243337631,0.41921067237854004,0.5018467307090759,2.293076515197754,0.03336355462670326,1
0.5298396944999695,0.17675182223320007,-0.1122528538107872,0.9995304346084595,0.19103258848190308,0.3226202130317688,-0.5489229559898376,0.9998227953910828,0.8022488355636597,0.34546661376953125,-0.5220137238502502,0.9998500347137451,0.09018760919570923,0.473164439201355,-0.16704317927360535,0.7680683135986328,0.8586380481719971,0.48899438977241516,-0.06774817407131195,0.5960381627082825,0.24426257610321045,0.42164885997772217,0.24468432366847992,0.06740093976259232,0.7366527915000916,0.4524524509906769,0.47570857405662537,0.10586155205965042,0.3315473794937134,0.5898873209953308,0.0008105433662422001,0.9997259974479675,0.6079485416412354,0.5852669477462769,-0.0007540811784565449,0.9995960593223572,0.21791477501392365,0.48005878925323486,0.6380882263183594,0.16141009330749512,0.6557636260986328,0.4677625894546509,0.7682737112045288,0.057564571499824524,0.3272625505924225,0.5781558156013489,1.5013446807861328,0.13742010295391083,0.5705040693283081,0.5560647249221802,1.658532738685608,0.06254549324512482,0.340701699256897,0.5942219495773315,1.6103507280349731,0.17984920740127563,0.5785038471221924,0.5854578018188477,1.7553271055221558,0.14938955008983612,0.3129366338253021,0.5481550097465515,1.907172679901123,0.01626761443912983,0.5240846872329712,0.5173037052154541,2.0344622135162354,0.014268387109041214,1
0.5680845975875854,0.2558452785015106,-0.1687649041414261,0.9982931017875671,0.19839005172252655,0.32100287079811096,-0.22828581929206848,0.9961057305335999,0.6072917580604553,0.443915456533432,-0.6147027611732483,0.9992914199829102,0.36014649271965027,0.4294828772544861,0.16599169373512268,0.013406761921942234,0.6629472970962524,0.6078214645385742,-0.2242099642753601,0.5893922448158264,0.4516026973724365,0.37666651606559753,0.49883702397346497,0.022823985666036606,0.7705031633377075,0.5430174469947815,0.20183812081813812,0.6163427233695984,0.2159339040517807,0.5729133486747742,0.11465289443731308,0.9990240335464478,0.44589874148368835,0.6193091869354248,-0.11407976597547531,0.999472439289093,0.23186232149600983,0.5087522268295288,0.8399219512939453,0.07209711521863937,0.5742822885513306,0.544431209564209,0.4804724156856537,0.13567373156547546,0.2563660144805908,0.5839571952819824,1.6456611156463623,0.04400205984711647,0.5220036506652832,0.5948441624641418,1.425565481185913,0.06510401517152786,0.23671378195285797,0.6054183840751648,1.7439484596252441,0.08489048480987549,0.49734777212142944,0.6155903339385986,1.5344183444976807,0.163364440202713,0.31451642513275146,0.5766842365264893,1.9275600910186768,0.01491949800401926,0.5774897336959839,0.5699050426483154,1.741226315498352,0.02710527926683426,1
0.5233486890792847,0.25699126720428467,-1.2383238077163696,0.999690055847168,0.44843026995658875,0.28244855999946594,-0.7204204797744751,0.9997817873954773,0.289002925157547,0.3966386914253235,-1.1568846702575684,0.9997668862342834,0.45032772421836853,0.4042523503303528,-0.3281325399875641,0.3551533818244934,0.34491097927093506,0.5426920056343079,-0.8858578205108643,0.9734596014022827,0.6074994802474976,0.45799314975738525,-0.20969940721988678,0.5934902429580688,0.6167560815811157,0.5805265307426453,-0.7208401560783386,0.9496278762817383,0.3783453702926636,0.46200141310691833,0.18826328217983246,0.9996008276939392,0.2885444760322571,0.5338506102561951,-0.1872878074645996,0.9998922348022461,0.6916635632514954,0.44026514887809753,0.5000209808349609,0.5036661624908447,0.6135841608047485,0.5908752679824829,-0.31344568729400635,0.9203704595565796,0.5500699877738953,0.45565709471702576,0.9191361665725708,0.14078658819198608,0.5668889284133911,0.5376524329185486,0.5846675634384155,0.18033289909362793,0.5125279426574707,0.4586445093154907,0.9749746322631836,0.16344985365867615,0.5345250368118286,0.5250802636146545,0.6951794028282166,0.2792430520057678,0.5982168912887573,0.46179401874542236,1.1377023458480835,0.17569378018379211,0.6763829588890076,0.5445260405540466,0.935190737247467,0.23248882591724396,1
0.5414547920227051,0.21098291873931885,-1.6209931373596191,0.999992847442627,0.5848417282104492,0.2318192720413208,-0.9056310057640076,0.9999886751174927,0.18464231491088867,0.31498998403549194,-1.3114274740219116,0.9999852180480957,0.6386396884918213,0.3477899432182312,-0.4975314736366272,0.9814870357513428,0.11774984002113342,0.48793748021125793,-1.1888597011566162,0.9997667670249939,0.6607304811477661,0.4696989059448242,-0.3126559853553772,0.9734675288200378,0.40663033723831177,0.5472661852836609,-1.131596565246582,0.9979463219642639,0.5049455165863037,0.4375341832637787,0.12248284369707108,0.9999569654464722,0.30006593465805054,0.47214847803115845,-0.12272798269987106,0.9999728202819824,0.8184416890144348,0.581251859664917,0.1547810137271881,0.9191474318504333,0.5175545811653137,0.6656119227409363,-0.1743331402540207,0.9696714282035828,0.575329601764679,0.51378333568573,1.1218807697296143,0.05767824128270149,0.2924358546733856,0.5451898574829102,0.7791958451271057,0.2489231675863266,0.5338453650474548,0.4850998818874359,1.2482962608337402,0.0818750262260437,0.2679462432861328,0.5262429714202881,0.9085129499435425,0.29816383123397827,0.5530076026916504,0.5407094955444336,1.5138609409332275,0.10647600144147873,0.24335403740406036,0.5850663185119629,1.1648943424224854,0.3400285542011261,1
0.49515172839164734,0.1318012773990631,-1.2468829154968262,0.999997615814209,0.618014395236969,0.17588742077350616,-0.7209833860397339,0.9999841451644897,0.23860685527324677,0.20190146565437317,-0.9010456204414368,0.9999849796295166,0.6854933500289917,0.2882404029369354,-0.6122837066650391,0.99687260389328,0.16382285952568054,0.33586886525154114,-0.8199582695960999,0.9992377758026123,0.6271825432777405,0.39372801780700684,-0.7156937122344971,0.981866180896759,0.3538479804992676,0.4134974777698517,-0.8910568356513977,0.9870325326919556,0.5404508113861084,0.3549984097480774,0.06334599107503891,0.999980092048645,0.3491929769515991,0.3662927746772766,-0.06387396156787872,0.9999849796295166,0.6758708953857422,0.5048396587371826,-0.1212482750415802,0.8001070022583008,0.39890056848526,0.5226898193359375,-0.2903057336807251,0.9172869920730591,0.5783756971359253,0.4337974786758423,0.6877405643463135,0.021827151998877525,0.3782026767730713,0.45644718408584595,0.4942481219768524,0.0815090611577034,0.5611011385917664,0.41234663128852844,0.7860891819000244,0.04623502865433693,0.3830297589302063,0.43666502833366394,0.5909786224365234,0.12123356014490128,0.5776811242103577,0.45981645584106445,0.9712772369384766,0.0372682549059391,0.3931075930595398,0.48737090826034546,0.7623983025550842,0.10313409566879272,1
0.5040349960327148,0.217268705368042,-1.1813703775405884,0.9999969005584717,0.6803582310676575,0.28127461671829224,-0.6885805726051331,0.999992847442627,0.33243656158447266,0.2788611352443695,-0.7374255061149597,0.9999916553497314,0.7501689195632935,0.39380204677581787,-0.7097386717796326,0.9986883997917175,0.24764159321784973,0.38599786162376404,-0.7441907525062561,0.9984664916992188,0.6276089549064636,0.47525519132614136,-0.9666723012924194,0.9910168647766113,0.35471469163894653,0.4648859202861786,-0.9553428292274475,0.9870347380638123,0.5935641527175903,0.4412743151187897,0.02115452103316784,0.9999960660934448,0.40133747458457947,0.4399440288543701,-0.021672796458005905,0.9999945163726807,0.6170788407325745,0.5881118774414062,-0.47593623399734497,0.9460289478302002,0.3537478744983673,0.5774827003479004,-0.5003040432929993,0.9573034644126892,0.5770350098609924,0.49609366059303284,0.4934312403202057,0.04200534150004387,0.42846107482910156,0.5053430795669556,0.4438151717185974,0.057977668941020966,0.5599200129508972,0.4820101261138916,0.6062865853309631,0.08029931038618088,0.4455864429473877,0.48907628655433655,0.5555304884910583,0.0658363401889801,0.5552965998649597,0.5324726700782776,0.6977559328079224,0.06213277950882912,0.4532011151313782,0.5252785682678223,0.6539081931114197,0.0752401277422905,1
0.4696998596191406,0.20946824550628662,-1.2537190914154053,0.9999984502792358,0.7062995433807373,0.2656983733177185,-0.8008716106414795,0.9999773502349854,0.2646639347076416,0.2675234079360962,-0.8530423641204834,0.9999849796295166,0.8075745105743408,0.40423789620399475,-0.7193966507911682,0.9991618394851685,0.15681353211402893,0.4066426157951355,-0.7834262847900391,0.9992289543151855,0.6401956081390381,0.5176618695259094,-0.8270233869552612,0.9877458214759827,0.31422075629234314,0.5107251405715942,-0.8798947334289551,0.9863075613975525,0.5882765650749207,0.44704970717430115,0.02638338878750801,0.9999886751174927,0.361873984336853,0.4479457139968872,-0.02764999493956566,0.9999878406524658,0.7030030488967896,0.5797362923622131,-0.22712790966033936,0.775195300579071,0.3028847873210907,0.632553219795227,-0.3300534784793854,0.9084296226501465,0.6294841766357422,0.5512286424636841,0.6418889760971069,0.029441848397254944,0.3625745177268982,0.5683668851852417,0.567729115486145,0.04883226007223129,0.6103416085243225,0.5361616611480713,0.7452201247215271,0.05365695804357529,0.3860533833503723,0.5531096458435059,0.6757141947746277,0.05767064541578293,0.6489680409431458,0.5922864675521851,0.8967936038970947,0.03783851116895676,0.37615200877189636,0.6084945201873779,0.8227001428604126,0.04798642918467522,1
0.4427478313446045,0.16253599524497986,-1.4648569822311401,0.9999916553497314,0.7552311420440674,0.24381080269813538,-1.1053869724273682,0.9999972581863403,0.31279927492141724,0.2029491662979126,-0.8145807385444641,0.9999920129776001,0.8353689312934875,0.39895686507225037,-1.0099470615386963,0.9992989301681519,0.22672703862190247,0.33019983768463135,-0.5808579325675964,0.9893009066581726,0.5964201092720032,0.4874565005302429,-1.1252413988113403,0.9951071739196777,0.275029718875885,0.4453292787075043,-0.6816741228103638,0.9655043482780457,0.6117481589317322,0.44752514362335205,-0.07298164814710617,0.999995231628418,0.38579851388931274,0.4260116517543793,0.07199162244796753,0.9999902248382568,0.49476754665374756,0.6321526169776917,-0.35615384578704834,0.9535009860992432,0.20025929808616638,0.580639660358429,-0.015019653365015984,0.9011236429214478,0.6438201069831848,0.5475583672523499,0.7760457992553711,0.09443309903144836,0.3908146321773529,0.49564677476882935,1.0887961387634277,0.04269944503903389,0.6654425859451294,0.518386960029602,0.9143397212028503,0.11054042726755142,0.4179704487323761,0.48265907168388367,1.231225848197937,0.0694640502333641,0.6614413857460022,0.5999199748039246,1.1096686124801636,0.11537162214517593,0.3804945647716522,0.5240370631217957,1.4816197156906128,0.0644880086183548,1
0.4383365511894226,0.19993692636489868,-1.0077062845230103,0.9999741315841675,0.7848497629165649,0.3021565079689026,-0.9647531509399414,0.9999710321426392,0.41572946310043335,0.23485609889030457,-0.46071702241897583,0.9999548196792603,0.8390474319458008,0.47659048438072205,-0.8861708045005798,0.9982682466506958,0.3076147437095642,0.35848671197891235,-0.26656395196914673,0.9406651258468628,0.5461736917495728,0.5424048900604248,-0.8726675510406494,0.9877239465713501,0.2671041488647461,0.47903957962989807,-0.3601664900779724,0.8417834639549255,0.621720016002655,0.5198007822036743,-0.174692302942276,0.9999879598617554,0.437927782535553,0.47639378905296326,0.1739821881055832,0.9999817609786987,0.3544895350933075,0.6822276711463928,-0.3566080629825592,0.9858038425445557,0.11805243045091629,0.6010368466377258,0.283754825592041,0.8453291058540344,0.6776537895202637,0.5886096954345703,0.4777219295501709,0.3933245837688446,0.4438577890396118,0.5604784488677979,0.9990570545196533,0.07067051529884338,0.7335972785949707,0.5537248849868774,0.5879924297332764,0.32963335514068604,0.5027326941490173,0.5442379117012024,1.0997190475463867,0.11039580404758453,0.7433333396911621,0.6482594609260559,0.8310368657112122,0.4221910536289215,0.45950189232826233,0.6014124751091003,1.3544178009033203,0.10874905437231064,1
0.4046320915222168,0.21676233410835266,-0.837640643119812,0.9999841451644897,0.701504111289978,0.31055182218551636,-0.8439666628837585,0.9999792575836182,0.44148725271224976,0.23736783862113953,-0.45583587884902954,0.9999802112579346,0.7551039457321167,0.4679270088672638,-0.7618064880371094,0.9993010759353638,0.3606434464454651,0.3385671377182007,-0.2580716013908386,0.9154122471809387,0.49032077193260193,0.5099052786827087,-0.7332055568695068,0.9948175549507141,0.30550283193588257,0.4300689995288849,-0.2842794954776764,0.8517325520515442,0.5913645029067993,0.4731942415237427,-0.1420157104730606,0.9999387264251709,0.4596770107746124,0.43062886595726013,0.1419006884098053,0.9999244213104248,0.30487650632858276,0.5968512892723083,-0.17866286635398865,0.9684430360794067,0.16244280338287354,0.5125693082809448,0.22445636987686157,0.6203194856643677,0.6156122088432312,0.5309651494026184,0.2938885986804962,0.32280588150024414,0.4409564733505249,0.5140212774276733,0.6197718977928162,0.036554139107465744,0.6619528532028198,0.5060944557189941,0.3594883382320404,0.36701616644859314,0.49060380458831787,0.5014731287956238,0.675855815410614,0.06746048480272293,0.6914932727813721,0.5592414140701294,0.5905030965805054,0.35632041096687317,0.467978298664093,0.5495356917381287,0.8888512253761292,0.05733562260866165,1
0.4310705363750458,0.2180885672569275,-0.7904027700424194,0.9999974966049194,0.7312663197517395,0.35425907373428345,-0.8424379825592041,0.9999903440475464,0.5068610310554504,0.2628496289253235,-0.3284229338169098,0.9999897480010986,0.7169836759567261,0.5324245095252991,-0.67823725938797,0.9985675811767578,0.40762367844581604,0.36369073390960693,-0.05939750745892525,0.7867192029953003,0.434675931930542,0.5348067283630371,-0.5451314449310303,0.9892184138298035,0.30633002519607544,0.4371069669723511,-0.1179821640253067,0.7346779704093933,0.5931060910224915,0.5313457250595093,-0.17135997116565704,0.999947190284729,0.46054139733314514,0.47178298234939575,0.17158286273479462,0.9999442100524902,0.20347711443901062,0.6190499067306519,-0.4707508981227875,0.9257665872573853,0.13243168592453003,0.5119497776031494,0.06650277227163315,0.570092499256134,0.4627515375614166,0.5476325750350952,0.3000989854335785,0.1078886017203331,0.38884827494621277,0.532956063747406,0.6321662068367004,0.022836672142148018,0.5255303978919983,0.5262163877487183,0.4002833366394043,0.17447417974472046,0.4406452775001526,0.522858738899231,0.7074781060218811,0.03639479726552963,0.48468562960624695,0.5661239624023438,0.7358403205871582,0.15178655087947845,0.38461893796920776,0.5731363892555237,0.9931867122650146,0.03971656784415245,1
0.47919371724128723,0.24650242924690247,-0.5813178420066833,0.9999504089355469,0.6894678473472595,0.41421157121658325,-0.7528947591781616,0.9998288154602051,0.6403424143791199,0.29699161648750305,-0.22157327830791473,0.9999716281890869,0.5665777325630188,0.58984375,-0.549633800983429,0.9795737266540527,0.5533550977706909,0.39387524127960205,0.16621093451976776,0.5226513147354126,0.35339483618736267,0.5286959409713745,-0.2711217403411865,0.9543992280960083,0.38357987999916077,0.42002272605895996,0.13906672596931458,0.7028999924659729,0.6083950996398926,0.6035544276237488,-0.1959652304649353,0.9999767541885376,0.6253842711448669,0.5206987857818604,0.19614534080028534,0.9999316930770874,0.13520938158035278,0.5704294443130493,-0.3154117465019226,0.9655665159225464,0.3254057765007019,0.4336390495300293,0.6005558371543884,0.31534039974212646,0.41048741340637207,0.5641538500785828,0.3129202723503113,0.5823166370391846,0.46693697571754456,0.5030538439750671,0.7466127872467041,0.11884146183729172,0.47699034214019775,0.5542648434638977,0.3976261615753174,0.5757541656494141,0.5170855522155762,0.5172168016433716,0.7684169411659241,0.10559007525444031,0.3627883791923523,0.5654662251472473,0.758944571018219,0.6592254638671875,0.41408011317253113,0.5125685930252075,0.9920466542243958,0.22914063930511475,1
0.49936673045158386,0.23638319969177246,-0.5486375093460083,0.9989558458328247,0.5406737923622131,0.4149276316165924,-0.7012384533882141,0.9990932941436768,0.727725625038147,0.28588467836380005,-0.347269743680954,0.9993662238121033,0.35013529658317566,0.5444872379302979,-0.4660708010196686,0.9527902007102966,0.6380556225776672,0.3192517161369324,0.06748165935277939,0.15769009292125702,0.2815495729446411,0.47038549184799194,-0.2081763744354248,0.9469784498214722,0.4246421456336975,0.3151053488254547,0.25640860199928284,0.22562307119369507,0.5613568425178528,0.5605856776237488,-0.15571974217891693,0.9995539784431458,0.6507594585418701,0.4827651381492615,0.1559252142906189,0.9977300763130188,0.28847238421440125,0.5183860063552856,0.18584902584552765,0.736911952495575,0.5055095553398132,0.4251560568809509,0.6336313486099243,0.06410211324691772,0.3707233667373657,0.5542323589324951,0.8536187410354614,0.40136173367500305,0.44759345054626465,0.5082705020904541,1.157062292098999,0.049867622554302216,0.40336376428604126,0.5707153677940369,0.9326218366622925,0.37730836868286133,0.4612736999988556,0.5337051153182983,1.2168855667114258,0.07434599846601486,0.27605557441711426,0.5100711584091187,1.116054892539978,0.23492497205734253,0.3401508331298828,0.48995718359947205,1.3628671169281006,0.0570068433880806,1
0.6163018345832825,0.16256272792816162,-0.2999121844768524,0.99920254945755,0.2914949655532837,0.34340211749076843,-0.5451678037643433,0.9996767044067383,0.8379855155944824,0.30196547508239746,-0.5725129842758179,0.9977397918701172,0.20693933963775635,0.4935580790042877,-0.1835978925228119,0.6574835777282715,0.851281464099884,0.4678233563899994,-0.16847054660320282,0.26567062735557556,0.341128408908844,0.4672253131866455,0.13294357061386108,0.16300658881664276,0.7396183013916016,0.380104660987854,0.414846807718277,0.05279957875609398,0.425375372171402,0.5449842214584351,0.022795557975769043,0.9997046589851379,0.6668427586555481,0.5162287950515747,-0.021865347400307655,0.9987518787384033,0.4176962077617645,0.517327070236206,0.6555204391479492,0.3941875100135803,0.6788300275802612,0.4805520176887512,0.6740505695343018,0.22403234243392944,0.44724786281585693,0.5880305171012878,1.4589532613754272,0.3646900951862335,0.6183977723121643,0.5577952265739441,1.4621425867080688,0.2284504622220993,0.45674359798431396,0.605845034122467,1.5508407354354858,0.4073413908481598,0.6176192760467529,0.5852514505386353,1.547102689743042,0.3597874939441681,0.4670998752117157,0.5576400756835938,1.7121912240982056,0.026297293603420258,0.5834503769874573,0.523049533367157,1.7132198810577393,0.022427409887313843,1
0.6220085620880127,0.15767395496368408,-0.288235604763031,0.9968143105506897,0.2649120092391968,0.29979488253593445,-0.49477410316467285,0.9994732737541199,0.8310931324958801,0.3367080092430115,-0.5064787268638611,0.9994820952415466,0.199987530708313,0.42493709921836853,-0.07804524153470993,0.6212021112442017,0.8600419759750366,0.44386908411979675,-0.09472838044166565,0.5627961754798889,0.31300705671310425,0.3864288926124573,0.3155626952648163,0.03848318010568619,0.746685802936554,0.4085436463356018,0.35855889320373535,0.10038498044013977,0.37033841013908386,0.5249707698822021,0.005925766192376614,0.9996238946914673,0.6331120729446411,0.5258508920669556,-0.005127898883074522,0.999305009841919,0.307426780462265,0.45818468928337097,0.613547146320343,0.10378751903772354,0.6781518459320068,0.4406246542930603,0.6740273833274841,0.05936666950583458,0.38004299998283386,0.5465173125267029,1.5020228624343872,0.10303065925836563,0.6013286113739014,0.5112050175666809,1.5814626216888428,0.08047100901603699,0.3901982307434082,0.5652912855148315,1.6136834621429443,0.15439525246620178,0.5970233678817749,0.5399295687675476,1.682880163192749,0.16094011068344116,0.37250953912734985,0.4996762275695801,1.875343918800354,0.0084898816421628,0.5725438594818115,0.4658131003379822,1.931626319885254,0.010883277282118797,1
0.5745366811752319,0.23674887418746948,-0.4398503601551056,0.9986999034881592,0.21492692828178406,0.29763785004615784,-0.39507603645324707,0.9983271956443787,0.6031266450881958,0.4231732487678528,-0.767507016658783,0.9993230104446411,0.34401974081993103,0.36317968368530273,0.08533471822738647,0.021536972373723984,0.6693524122238159,0.550679087638855,-0.3208027482032776,0.32824578881263733,0.4904099702835083,0.30697962641716003,0.46127063035964966,0.04036758095026016,0.7587499022483826,0.4871017038822174,0.11387809365987778,0.49769964814186096,0.2312658429145813,0.514939546585083,0.14422829449176788,0.9989334940910339,0.44828635454177856,0.5673936009407043,-0.1436203569173813,0.9995501637458801,0.2956687808036804,0.4300411343574524,1.0048917531967163,0.0440269373357296,0.61634761095047,0.4688994884490967,0.6419288516044617,0.09071987122297287,0.4062378406524658,0.4976148307323456,2.004594564437866,0.060518600046634674,0.6388409733772278,0.5284493565559387,1.7283108234405518,0.1347750723361969,0.412499338388443,0.5182480216026306,2.1218881607055664,0.12139040231704712,0.6264984011650085,0.551234781742096,1.8516770601272583,0.26831212639808655,0.4919528067111969,0.4775838851928711,2.2475063800811768,0.019099757075309753,0.7082831859588623,0.4992908537387848,1.9779114723205566,0.04860765114426613,1
0.5907834768295288,0.2768789231777191,-0.8026672601699829,0.9998890161514282,0.41602903604507446,0.2935076057910919,-0.42333269119262695,0.9997194409370422,0.3881593942642212,0.4115939140319824,-0.7912258505821228,0.9998961687088013,0.4553784132003784,0.36474063992500305,-0.10658460855484009,0.08917099237442017,0.46685004234313965,0.5335571765899658,-0.5497453808784485,0.9270728826522827,0.6010029315948486,0.39273566007614136,-0.05993572250008583,0.21351395547389984,0.6705926656723022,0.5244745016098022,-0.38196107745170593,0.9071781039237976,0.33897489309310913,0.45987173914909363,0.15691760182380676,0.9995098114013672,0.39732542634010315,0.5500288605690002,-0.15614305436611176,0.9999288320541382,0.6035343408584595,0.3652750849723816,0.6287897229194641,0.25079166889190674,0.7177801728248596,0.5067265033721924,-0.2335553914308548,0.9297162294387817,0.5302883982658386,0.4265921413898468,0.9946951866149902,0.11455726623535156,0.5753456950187683,0.5330919623374939,0.49441519379615784,0.39848682284355164,0.4909382462501526,0.44317761063575745,1.0369149446487427,0.11889123916625977,0.5310152769088745,0.5407387018203735,0.583345890045166,0.4582393169403076,0.618148684501648,0.43644118309020996,1.2013787031173706,0.16039273142814636,0.6362018585205078,0.5458376407623291,0.8309791684150696,0.47800031304359436,1
0.5204324126243591,0.32328343391418457,-1.4434527158737183,0.9999374151229858,0.5217404961585999,0.336424857378006,-0.7720617651939392,0.9999459981918335,0.18365967273712158,0.413347452878952,-1.1797430515289307,0.9999141693115234,0.5807585716247559,0.42979151010513306,-0.23671486973762512,0.9433029294013977,0.11689609289169312,0.5929983854293823,-1.105849266052246,0.9996888637542725,0.6360652446746826,0.5145484805107117,0.0014867712743580341,0.9699420928955078,0.44327765703201294,0.6124061942100525,-1.1384395360946655,0.9976986050605774,0.4715200960636139,0.49884361028671265,0.1299697756767273,0.9998865127563477,0.28751733899116516,0.5471859574317932,-0.12965603172779083,0.9998520612716675,0.8132516145706177,0.5903545022010803,0.2137383371591568,0.7490929961204529,0.45943528413772583,0.6767324805259705,-0.024554375559091568,0.7614995837211609,0.5083114504814148,0.5425976514816284,0.7660301923751831,0.023180292919278145,0.3211272954940796,0.5476486086845398,0.720137894153595,0.02749883197247982,0.4552074670791626,0.5171471238136292,0.8455048203468323,0.036932963877916336,0.29626157879829407,0.5135697722434998,0.8268629312515259,0.06549621373414993,0.45564770698547363,0.5570429563522339,1.0554943084716797,0.03127002343535423,0.32952478528022766,0.5515980124473572,1.1003249883651733,0.04851817712187767,1
0.527971088886261,0.23970280587673187,-1.9844708442687988,0.9999977350234985,0.6884990334510803,0.2575508654117584,-1.1655375957489014,0.9999821186065674,0.22373703122138977,0.2841116786003113,-1.4295958280563354,0.9999865293502808,0.7462860345840454,0.3759482800960541,-0.8353421688079834,0.9945687055587769,0.10744014382362366,0.4215848743915558,-1.32477605342865,0.9995960593223572,0.6488347053527832,0.49604710936546326,-0.7534289360046387,0.9825423955917358,0.323203980922699,0.5269163846969604,-1.3507583141326904,0.9908320307731628,0.557319164276123,0.44029971957206726,0.0665869414806366,0.9999637603759766,0.32506072521209717,0.4485885500907898,-0.06711092591285706,0.9999561309814453,0.6919693946838379,0.6059618592262268,0.18473879992961884,0.8766258358955383,0.3295559585094452,0.6241444945335388,-0.016698893159627914,0.9202954173088074,0.54437255859375,0.5182298421859741,1.3912334442138672,0.07859654724597931,0.32240450382232666,0.5461417436599731,1.148188591003418,0.17052480578422546,0.5128852725028992,0.4972548484802246,1.532060980796814,0.11950191110372543,0.3378262519836426,0.5254499316215515,1.282733678817749,0.1581895500421524,0.5289837121963501,0.5564844608306885,1.6477404832839966,0.13534145057201385,0.3447566032409668,0.5943174362182617,1.3574955463409424,0.18745219707489014,1
0.47329142689704895,0.2698228359222412,-1.923422932624817,0.9999982118606567,0.6822664737701416,0.30114391446113586,-1.2344434261322021,0.9999881982803345,0.22556360065937042,0.2946323752403259,-1.2460733652114868,0.9999779462814331,0.7328441143035889,0.43089449405670166,-1.0915257930755615,0.997192919254303,0.12405666708946228,0.4157354533672333,-1.1135605573654175,0.9972807168960571,0.5925856232643127,0.5309907793998718,-1.1606683731079102,0.9867282509803772,0.2642093002796173,0.5224412679672241,-1.1977757215499878,0.9697904586791992,0.5332633256912231,0.4631301760673523,-0.004424158949404955,0.9999924898147583,0.31928592920303345,0.45611533522605896,0.003856449853628874,0.9999886751174927,0.6354424953460693,0.5877315402030945,-0.07314003258943558,0.8287526965141296,0.19531890749931335,0.5991917252540588,-0.1657256782054901,0.9021226763725281,0.5599677562713623,0.5374253988265991,1.0998659133911133,0.0478997565805912,0.30116087198257446,0.5518078207969666,1.0226683616638184,0.055006105452775955,0.5318822860717773,0.5230575799942017,1.235244870185852,0.0767880380153656,0.3312947154045105,0.5373812913894653,1.1614618301391602,0.05721259117126465,0.5764551162719727,0.5745658278465271,1.334786295890808,0.06640635430812836,0.308285117149353,0.5914720296859741,1.2649974822998047,0.053770970553159714,1
